list-none-none,1,10,1,30,80105,2670
list-none-none,1,100,1,300,107947,359
list-none-none,1,1000,1,3000,2978652,992
list-none-none,1,10000,1,30000,286068607,9535
list-none-none,1,20000,1,60000,1238911242,20648
list-none-none,2,1,1,6,126774,21129
list-none-none,4,1,1,12,163522,13626
list-none-none,12,1,1,36,537633,14934
list-none-none,2,10,1,60,91943,1532
list-none-none,4,10,1,120,180076,1500
list-none-none,8,10,1,240,1217702,5073
list-none-none,12,10,1,360,1670912,4641
list-none-none,2,100,1,600,193765,322
list-i-none,2,1,1,6,72312,12052
list-l-none,2,1,1,6,83136,13856
list-id-none,2,1,1,6,117601,19600
list-il-none,2,1,1,6,75951,12658
list-dl-none,2,1,1,6,94382,15730
list-idl-none,2,1,1,6,147696,24616
list-i-none,4,1,1,12,149521,12460
list-l-none,4,1,1,12,162403,13533
list-id-none,4,1,1,12,143823,11985
list-il-none,4,1,1,12,131750,10979
list-idl-none,4,1,1,12,171435,14286
list-i-none,8,1,1,24,303389,12641
list-d-none,8,1,1,24,288143,12005
list-l-none,8,1,1,24,286103,11920
list-dl-none,8,1,1,24,263859,10994
list-idl-none,8,1,1,24,297152,12381
list-i-none,12,1,1,36,377513,10486
list-id-none,12,1,1,36,382832,10634
list-il-none,12,1,1,36,364025,10111
list-i-none,2,2,1,12,70100,5841
list-l-none,2,2,1,12,71959,5996
list-id-none,2,2,1,12,90899,7574
list-dl-none,2,2,1,12,78181,6515
list-idl-none,2,2,1,12,191764,15980
list-i-none,4,2,1,24,207457,8644
list-d-none,4,2,1,24,128450,5352
list-il-none,4,2,1,24,182323,7596
list-i-none,8,2,1,48,300114,6252
list-d-none,8,2,1,48,261228,5442
list-l-none,8,2,1,48,342021,7125
list-id-none,8,2,1,48,288434,6009
list-dl-none,8,2,1,48,282646,5888
list-i-none,12,2,1,72,371323,5157
list-d-none,12,2,1,72,366193,5086
list-l-none,12,2,1,72,589330,8185
list-id-none,12,2,1,72,386751,5371
list-i-none,2,4,1,24,74539,3105
list-d-none,2,4,1,24,88112,3671
list-dl-none,2,4,1,24,220484,9186
list-i-none,4,4,1,48,139961,2915
list-id-none,4,4,1,48,203299,4235
list-idl-none,4,4,1,48,443350,9236
list-i-none,8,4,1,96,394397,4108
list-d-none,8,4,1,96,344618,3589
list-il-none,8,4,1,96,354380,3691
list-i-none,12,4,1,144,518748,3602
list-i-none,2,8,1,48,174912,3644
list-d-none,2,8,1,48,176291,3672
list-l-none,2,8,1,48,215533,4490
list-id-none,2,8,1,48,223841,4663
list-il-none,2,8,1,48,276211,5754
list-idl-none,2,8,1,48,402236,8379
list-i-none,4,8,1,96,237195,2470
list-dl-none,4,8,1,96,338533,3526
list-i-none,8,8,1,192,391431,2038
list-i-none,12,8,1,288,472449,1640
list-id-none,12,8,1,288,477627,1658
list-i-none,2,16,1,96,117081,1219
list-d-none,2,16,1,96,121502,1265
list-id-none,2,16,1,96,132494,1380
list-i-none,4,16,1,192,158566,825
list-dl-none,8,16,1,384,983680,2561
list-i-none,2,32,1,192,155203,808
list-id-none,2,32,1,192,187707,977
list-il-none,2,32,1,192,242849,1264
list-i-s,2,1,1,6,167984,27997
list-i-m,2,1,1,6,138230,23038
list-d-s,2,1,1,6,220925,36820
list-d-m,2,1,1,6,148653,24775
list-l-s,2,1,1,6,145383,24230
list-l-m,2,1,1,6,172391,28731
list-id-s,2,1,1,6,209184,34864
list-id-m,2,1,1,6,305186,50864
list-il-s,2,1,1,6,294501,49083
list-il-m,2,1,1,6,301939,50323
list-dl-s,2,1,1,6,301490,50248
list-dl-m,2,1,1,6,352350,58725
list-idl-s,2,1,1,6,156498,26083
list-idl-m,2,1,1,6,143712,23952
list-i-s,4,1,1,12,167720,13976
list-i-m,4,1,1,12,174925,14577
list-d-s,4,1,1,12,158110,13175
list-d-m,4,1,1,12,154348,12862
list-l-s,4,1,1,12,242236,20186
list-l-m,4,1,1,12,154013,12834
list-id-s,4,1,1,12,160590,13382
list-id-m,4,1,1,12,168814,14067
list-il-s,4,1,1,12,192967,16080
list-il-m,4,1,1,12,158694,13224
list-dl-s,4,1,1,12,358759,29896
list-dl-m,4,1,1,12,221396,18449
list-idl-s,4,1,1,12,189008,15750
list-idl-m,4,1,1,12,213442,17786
list-i-s,8,1,1,24,334326,13930
list-i-m,8,1,1,24,293364,12223
list-d-s,8,1,1,24,288444,12018
list-d-m,8,1,1,24,325569,13565
list-l-s,8,1,1,24,315391,13141
list-l-m,8,1,1,24,929540,38730
list-id-s,8,1,1,24,949902,39579
list-id-m,8,1,1,24,996275,41511
list-il-s,8,1,1,24,1068277,44511
list-il-m,8,1,1,24,1116776,46532
list-dl-s,8,1,1,24,752488,31353
list-dl-m,8,1,1,24,1090958,45456
list-idl-s,8,1,1,24,375389,15641
list-idl-m,8,1,1,24,417520,17396
list-i-s,12,1,1,36,449383,12482
list-i-m,12,1,1,36,470205,13061
list-d-s,12,1,1,36,463153,12865
list-d-m,12,1,1,36,524224,14561
list-l-s,12,1,1,36,512153,14226
list-l-m,12,1,1,36,403496,11208
list-id-s,12,1,1,36,456897,12691
list-id-m,12,1,1,36,454587,12627
list-il-s,12,1,1,36,407242,11312
list-il-m,12,1,1,36,421291,11702
list-dl-s,12,1,1,36,545630,15156
list-dl-m,12,1,1,36,478095,13280
list-idl-s,12,1,1,36,386967,10749
list-idl-m,12,1,1,36,423463,11762
list-i-s,2,2,1,12,99965,8330
list-i-m,2,2,1,12,101860,8488
list-d-s,2,2,1,12,108164,9013
list-d-m,2,2,1,12,106554,8879
list-l-s,2,2,1,12,107300,8941
list-l-m,2,2,1,12,103857,8654
list-id-s,2,2,1,12,107952,8996
list-id-m,2,2,1,12,103363,8613
list-il-s,2,2,1,12,120570,10047
list-il-m,2,2,1,12,75126,6260
list-dl-s,2,2,1,12,73844,6153
list-dl-m,2,2,1,12,99189,8265
list-idl-s,2,2,1,12,109308,9109
list-idl-m,2,2,1,12,74514,6209
list-i-s,4,2,1,24,209991,8749
list-i-m,4,2,1,24,369497,15395
list-d-s,4,2,1,24,139325,5805
list-d-m,4,2,1,24,122573,5107
list-l-s,4,2,1,24,141563,5898
list-l-m,4,2,1,24,333474,13894
list-id-s,4,2,1,24,332741,13864
list-id-m,4,2,1,24,317723,13238
list-il-s,4,2,1,24,298253,12427
list-il-m,4,2,1,24,310555,12939
list-dl-s,4,2,1,24,169015,7042
list-dl-m,4,2,1,24,172918,7204
list-idl-s,4,2,1,24,159472,6644
list-idl-m,4,2,1,24,176778,7365
list-i-s,8,2,1,48,269177,5607
list-i-m,8,2,1,48,257777,5370
list-d-s,8,2,1,48,237169,4941
list-d-m,8,2,1,48,258665,5388
list-l-s,8,2,1,48,247031,5146
list-l-m,8,2,1,48,271189,5649
list-id-s,8,2,1,48,228632,4763
list-id-m,8,2,1,48,294015,6125
list-il-s,8,2,1,48,272303,5672
list-il-m,8,2,1,48,299688,6243
list-dl-s,8,2,1,48,315111,6564
list-dl-m,8,2,1,48,270205,5629
list-idl-s,8,2,1,48,348572,7261
list-idl-m,8,2,1,48,379667,7909
list-i-s,12,2,1,72,418007,5805
list-i-m,12,2,1,72,350577,4869
list-d-s,12,2,1,72,394807,5483
list-d-m,12,2,1,72,661160,9182
list-l-s,12,2,1,72,630511,8757
list-l-m,12,2,1,72,766485,10645
list-id-s,12,2,1,72,664057,9223
list-id-m,12,2,1,72,660896,9179
list-il-s,12,2,1,72,574317,7976
list-il-m,12,2,1,72,729552,10132
list-dl-s,12,2,1,72,721639,10022
list-dl-m,12,2,1,72,594201,8252
list-idl-s,12,2,1,72,679518,9437
list-idl-m,12,2,1,72,884671,12287
list-i-s,2,4,1,24,215338,8972
list-i-m,2,4,1,24,279718,11654
list-d-s,2,4,1,24,170523,7105
list-d-m,2,4,1,24,210144,8756
list-l-s,2,4,1,24,179254,7468
list-l-m,2,4,1,24,241308,10054
list-id-s,2,4,1,24,230219,9592
list-id-m,2,4,1,24,180823,7534
list-il-s,2,4,1,24,187166,7798
list-il-m,2,4,1,24,253522,10563
list-dl-s,2,4,1,24,173154,7214
list-dl-m,2,4,1,24,184737,7697
list-idl-s,2,4,1,24,176439,7351
list-idl-m,2,4,1,24,206754,8614
list-i-s,4,4,1,48,274697,5722
list-i-m,4,4,1,48,250784,5224
list-d-s,4,4,1,48,214232,4463
list-d-m,4,4,1,48,270131,5627
list-l-s,4,4,1,48,206936,4311
list-l-m,4,4,1,48,296790,6183
list-id-s,4,4,1,48,236751,4932
list-id-m,4,4,1,48,269774,5620
list-il-s,4,4,1,48,176021,3667
list-il-m,4,4,1,48,219569,4574
list-dl-s,4,4,1,48,174407,3633
list-dl-m,4,4,1,48,206686,4305
list-idl-s,4,4,1,48,201085,4189
list-idl-m,4,4,1,48,234506,4885
list-i-s,8,4,1,96,325511,3390
list-i-m,8,4,1,96,362540,3776
list-d-s,8,4,1,96,314479,3275
list-d-m,8,4,1,96,360333,3753
list-l-s,8,4,1,96,328185,3418
list-l-m,8,4,1,96,347189,3616
list-id-s,8,4,1,96,320426,3337
list-id-m,8,4,1,96,396401,4129
list-il-s,8,4,1,96,344112,3584
list-il-m,8,4,1,96,441223,4596
list-dl-s,8,4,1,96,1059241,11033
list-dl-m,8,4,1,96,410902,4280
list-idl-s,8,4,1,96,353664,3684
list-idl-m,8,4,1,96,366852,3821
list-i-s,12,4,1,144,499328,3467
list-i-m,12,4,1,144,487166,3383
list-d-s,12,4,1,144,498493,3461
list-d-m,12,4,1,144,487656,3386
list-l-s,12,4,1,144,507875,3526
list-l-m,12,4,1,144,486240,3376
list-id-s,12,4,1,144,458511,3184
list-id-m,12,4,1,144,455461,3162
list-il-s,12,4,1,144,1484438,10308
list-il-m,12,4,1,144,695062,4826
list-dl-s,12,4,1,144,1313310,9120
list-dl-m,12,4,1,144,1074782,7463
list-idl-s,12,4,1,144,445303,3092
list-idl-m,12,4,1,144,421227,2925
list-i-s,2,8,1,48,110950,2311
list-i-m,2,8,1,48,111190,2316
list-d-s,2,8,1,48,102139,2127
list-d-m,2,8,1,48,112022,2333
list-l-s,2,8,1,48,118758,2474
list-l-m,2,8,1,48,123426,2571
list-id-s,2,8,1,48,98283,2047
list-id-m,2,8,1,48,127733,2661
list-il-s,2,8,1,48,137657,2867
list-il-m,2,8,1,48,143837,2996
list-dl-s,2,8,1,48,137333,2861
list-dl-m,2,8,1,48,155716,3244
list-idl-s,2,8,1,48,127003,2645
list-idl-m,2,8,1,48,206190,4295
list-i-s,4,8,1,96,189227,1971
list-i-m,4,8,1,96,181417,1889
list-d-s,4,8,1,96,168956,1759
list-d-m,4,8,1,96,210671,2194
list-l-s,4,8,1,96,247895,2582
list-l-m,4,8,1,96,290433,3025
list-id-s,4,8,1,96,188417,1962
list-id-m,4,8,1,96,227996,2374
list-il-s,4,8,1,96,351280,3659
list-il-m,4,8,1,96,317381,3306
list-dl-s,4,8,1,96,225473,2348
list-dl-m,4,8,1,96,291201,3033
list-idl-s,4,8,1,96,372678,3882
list-idl-m,4,8,1,96,364076,3792
list-i-s,8,8,1,192,319289,1662
list-i-m,8,8,1,192,301298,1569
list-d-s,8,8,1,192,285143,1485
list-d-m,8,8,1,192,329586,1716
list-l-s,8,8,1,192,348196,1813
list-l-m,8,8,1,192,422307,2199
list-id-s,8,8,1,192,332843,1733
list-id-m,8,8,1,192,559768,2915
list-il-s,8,8,1,192,308046,1604
list-il-m,8,8,1,192,628645,3274
list-dl-s,8,8,1,192,280039,1458
list-dl-m,8,8,1,192,562238,2928
list-idl-s,8,8,1,192,618446,3221
list-idl-m,8,8,1,192,715689,3727
list-i-s,12,8,1,288,394193,1368
list-i-m,12,8,1,288,568470,1973
list-d-s,12,8,1,288,383976,1333
list-d-m,12,8,1,288,470380,1633
list-l-s,12,8,1,288,439216,1525
list-l-m,12,8,1,288,970484,3369
list-id-s,12,8,1,288,444065,1541
list-id-m,12,8,1,288,661431,2296
list-il-s,12,8,1,288,431927,1499
list-il-m,12,8,1,288,1401785,4867
list-dl-s,12,8,1,288,802120,2785
list-dl-m,12,8,1,288,765618,2658
list-idl-s,12,8,1,288,554704,1926
list-idl-m,12,8,1,288,1077403,3740
list-i-s,2,12,1,72,86682,1203
list-i-m,2,12,1,72,101938,1415
list-d-s,2,12,1,72,114267,1587
list-d-m,2,12,1,72,139254,1934
list-l-s,2,12,1,72,130155,1807
list-l-m,2,12,1,72,150400,2088
list-id-s,2,12,1,72,119763,1663
list-id-m,2,12,1,72,163882,2276
list-il-s,2,12,1,72,131594,1827
list-il-m,2,12,1,72,196596,2730
list-dl-s,2,12,1,72,160243,2225
list-dl-m,2,12,1,72,178028,2472
list-idl-s,2,12,1,72,180629,2508
list-idl-m,2,12,1,72,221414,3075
list-i-s,4,12,1,144,197556,1371
list-i-m,4,12,1,144,200321,1391
list-d-s,4,12,1,144,123824,859
list-d-m,4,12,1,144,140533,975
list-l-s,4,12,1,144,245083,1701
list-l-m,4,12,1,144,246455,1711
list-id-s,4,12,1,144,195010,1354
list-id-m,4,12,1,144,261024,1812
list-il-s,4,12,1,144,265158,1841
list-il-m,4,12,1,144,316998,2201
list-dl-s,4,12,1,144,300340,2085
list-dl-m,4,12,1,144,351419,2440
list-idl-s,4,12,1,144,305383,2120
list-idl-m,4,12,1,144,413801,2873
list-i-s,8,12,1,288,241714,839
list-i-m,8,12,1,288,237067,823
list-d-s,8,12,1,288,318045,1104
list-d-m,8,12,1,288,383940,1333
list-l-s,8,12,1,288,327371,1136
list-l-m,8,12,1,288,679703,2360
list-id-s,8,12,1,288,399112,1385
list-id-m,8,12,1,288,1145199,3976
list-il-s,8,12,1,288,898688,3120
list-il-m,8,12,1,288,2558802,8884
list-dl-s,8,12,1,288,908170,3153
list-dl-m,8,12,1,288,611596,2123
list-idl-s,8,12,1,288,815603,2831
list-idl-m,8,12,1,288,1221894,4242
list-i-s,12,12,1,432,446929,1034
list-i-m,12,12,1,432,671472,1554
list-d-s,12,12,1,432,315410,730
list-d-m,12,12,1,432,543204,1257
list-l-s,12,12,1,432,745111,1724
list-l-m,12,12,1,432,1000014,2314
list-id-s,12,12,1,432,626977,1451
list-id-m,12,12,1,432,789567,1827
list-il-s,12,12,1,432,1302902,3015
list-il-m,12,12,1,432,1331296,3081
list-dl-s,12,12,1,432,769677,1781
list-dl-m,12,12,1,432,1304353,3019
list-idl-s,12,12,1,432,1501460,3475
list-idl-m,12,12,1,432,1578879,3654
list-i-s,2,16,1,96,260233,2710
list-i-m,2,16,1,96,283287,2950
list-d-s,2,16,1,96,243914,2540
list-d-m,2,16,1,96,237257,2471
list-l-s,2,16,1,96,323247,3367
list-l-m,2,16,1,96,400313,4169
list-id-s,2,16,1,96,336599,3506
list-id-m,2,16,1,96,450812,4695
list-il-s,2,16,1,96,380551,3964
list-il-m,2,16,1,96,510465,5317
list-dl-s,2,16,1,96,435839,4539
list-dl-m,2,16,1,96,503289,5242
list-idl-s,2,16,1,96,481231,5012
list-idl-m,2,16,1,96,638929,6655
list-i-s,4,16,1,192,524174,2730
list-i-m,4,16,1,192,207518,1080
list-d-s,4,16,1,192,251683,1310
list-d-m,4,16,1,192,342926,1786
list-l-s,4,16,1,192,346580,1805
list-l-m,4,16,1,192,376926,1963
list-id-s,4,16,1,192,356303,1855
list-id-m,4,16,1,192,364677,1899
list-il-s,4,16,1,192,514775,2681
list-il-m,4,16,1,192,862532,4492
list-dl-s,4,16,1,192,586371,3054
list-dl-m,4,16,1,192,684005,3562
list-idl-s,4,16,1,192,666102,3469
list-idl-m,4,16,1,192,696581,3628
list-i-s,8,16,1,384,881415,2295
list-i-m,8,16,1,384,960266,2500
list-d-s,8,16,1,384,545637,1420
list-d-m,8,16,1,384,762821,1986
list-l-s,8,16,1,384,512160,1333
list-l-m,8,16,1,384,523618,1363
list-id-s,8,16,1,384,501269,1305
list-id-m,8,16,1,384,1005851,2619
list-il-s,8,16,1,384,1129454,2941
list-il-m,8,16,1,384,1885914,4911
list-dl-s,8,16,1,384,1257095,3273
list-dl-m,8,16,1,384,1994505,5194
list-idl-s,8,16,1,384,1828101,4760
list-idl-m,8,16,1,384,2584041,6729
list-i-s,12,16,1,576,993841,1725
list-i-m,12,16,1,576,1437001,2494
list-d-s,12,16,1,576,767977,1333
list-d-m,12,16,1,576,1386848,2407
list-l-s,12,16,1,576,1594828,2768
list-l-m,12,16,1,576,2783750,4832
list-id-s,12,16,1,576,1258471,2184
list-id-m,12,16,1,576,2515338,4366
list-il-s,12,16,1,576,2011320,3491
list-il-m,12,16,1,576,3274082,5684
list-dl-s,12,16,1,576,2597456,4509
list-dl-m,12,16,1,576,3249539,5641
list-idl-s,12,16,1,576,2533390,4398
list-idl-m,12,16,1,576,2758441,4788
list-i-s,2,24,1,144,156625,1087
list-i-m,2,24,1,144,152544,1059
list-d-s,2,24,1,144,139485,968
list-d-m,2,24,1,144,152997,1062
list-l-s,2,24,1,144,197202,1369
list-l-m,2,24,1,144,233367,1620
list-id-s,2,24,1,144,196094,1361
list-id-m,2,24,1,144,234518,1628
list-il-s,2,24,1,144,194818,1352
list-il-m,2,24,1,144,351775,2442
list-dl-s,2,24,1,144,209483,1454
list-dl-m,2,24,1,144,238730,1657
list-idl-s,2,24,1,144,232561,1615
list-idl-m,2,24,1,144,375657,2608
list-i-s,4,24,1,288,318524,1105
list-i-m,4,24,1,288,394909,1371
list-d-s,4,24,1,288,215622,748
list-d-m,4,24,1,288,348460,1209
list-l-s,4,24,1,288,439018,1524
list-l-m,4,24,1,288,417144,1448
list-id-s,4,24,1,288,378928,1315
list-id-m,4,24,1,288,556983,1933
list-il-s,4,24,1,288,599069,2080
list-il-m,4,24,1,288,655330,2275
list-dl-s,4,24,1,288,486123,1687
list-dl-m,4,24,1,288,535644,1859
list-idl-s,4,24,1,288,551992,1916
list-idl-m,4,24,1,288,831086,2885
list-i-s,8,24,1,576,577741,1003
list-i-m,8,24,1,576,806339,1399
list-d-s,8,24,1,576,516135,896
list-d-m,8,24,1,576,651346,1130
list-l-s,8,24,1,576,781927,1357
list-l-m,8,24,1,576,1396216,2423
list-id-s,8,24,1,576,708791,1230
list-id-m,8,24,1,576,984276,1708
list-il-s,8,24,1,576,1648510,2861
list-il-m,8,24,1,576,1729858,3003
list-dl-s,8,24,1,576,1193512,2072
list-dl-m,8,24,1,576,1375985,2388
list-idl-s,8,24,1,576,1425166,2474
list-idl-m,8,24,1,576,2011917,3492
list-i-s,12,24,1,864,1197178,1385
list-i-m,12,24,1,864,1250252,1447
list-d-s,12,24,1,864,879699,1018
list-d-m,12,24,1,864,1343569,1555
list-l-s,12,24,1,864,2482666,2873
list-l-m,12,24,1,864,2642168,3058
list-id-s,12,24,1,864,2035908,2356
list-id-m,12,24,1,864,1620431,1875
list-il-s,12,24,1,864,3113738,3603
list-il-m,12,24,1,864,3572972,4135
list-dl-s,12,24,1,864,3816619,4417
list-dl-m,12,24,1,864,2899373,3355
list-idl-s,12,24,1,864,3664663,4241
list-idl-m,12,24,1,864,3981447,4608
list-i-s,2,32,1,192,174551,909
list-i-m,2,32,1,192,229146,1193
list-d-s,2,32,1,192,190236,990
list-d-m,2,32,1,192,131124,682
list-l-s,2,32,1,192,181824,947
list-l-m,2,32,1,192,257583,1341
list-id-s,2,32,1,192,192082,1000
list-id-m,2,32,1,192,276919,1442
list-il-s,2,32,1,192,281811,1467
list-il-m,2,32,1,192,407821,2124
list-dl-s,2,32,1,192,274740,1430
list-dl-m,2,32,1,192,313373,1632
list-idl-s,2,32,1,192,310878,1619
list-idl-m,2,32,1,192,518140,2698
list-i-s,4,32,1,384,321973,838
list-i-m,4,32,1,384,465429,1212
list-d-s,4,32,1,384,332353,865
list-d-m,4,32,1,384,307576,800
list-l-s,4,32,1,384,581277,1513
list-l-m,4,32,1,384,689763,1796
list-id-s,4,32,1,384,426789,1111
list-id-m,4,32,1,384,689442,1795
list-il-s,4,32,1,384,608094,1583
list-il-m,4,32,1,384,871792,2270
list-dl-s,4,32,1,384,630459,1641
list-dl-m,4,32,1,384,757026,1971
list-idl-s,4,32,1,384,789078,2054
list-idl-m,4,32,1,384,1117816,2910
list-i-s,8,32,1,768,957327,1246
list-i-m,8,32,1,768,1165102,1517
list-d-s,8,32,1,768,852329,1109
list-d-m,8,32,1,768,1230487,1602
list-l-s,8,32,1,768,1336689,1740
list-l-m,8,32,1,768,2127272,2769
list-id-s,8,32,1,768,1181806,1538
list-id-m,8,32,1,768,1858451,2419
list-il-s,8,32,1,768,2119032,2759
list-il-m,8,32,1,768,4017525,5231
list-dl-s,8,32,1,768,2056266,2677
list-dl-m,8,32,1,768,3231723,4207
list-idl-s,8,32,1,768,2779443,3619
list-idl-m,8,32,1,768,2578107,3356
list-i-s,12,32,1,1152,1736489,1507
list-i-m,12,32,1,1152,2060262,1788
list-d-s,12,32,1,1152,1271462,1103
list-d-m,12,32,1,1152,2425857,2105
list-l-s,12,32,1,1152,3077081,2671
list-l-m,12,32,1,1152,4895564,4249
list-id-s,12,32,1,1152,2240799,1945
list-id-m,12,32,1,1152,3443659,2989
list-il-s,12,32,1,1152,4591270,3985
list-il-m,12,32,1,1152,5533704,4803
list-dl-s,12,32,1,1152,4576906,3973
list-dl-m,12,32,1,1152,4772259,4142
list-idl-s,12,32,1,1152,4648831,4035
list-idl-m,12,32,1,1152,8581860,7449
list-none-s,1,1000,1,3000,4319125,1439
list-none-m,1,1000,1,3000,3182721,1060
list-none-s,2,1000,1,6000,12846504,2141
list-none-m,2,1000,1,6000,18358140,3059
list-none-s,4,1000,1,12000,44347769,3695
list-none-m,4,1000,1,12000,76326494,6360
list-none-s,8,1000,1,24000,161245208,6718
list-none-m,8,1000,1,24000,280371890,11682
list-none-s,12,1000,1,36000,458591160,12738
list-none-m,12,1000,1,36000,649996546,18055
list-none-s,16,1000,1,48000,797670367,16618
list-none-m,16,1000,1,48000,812868331,16934
list-none-s,24,1000,1,72000,1595950761,22165
list-none-m,24,1000,1,72000,1365015777,18958
list-none-none,1,10,1,30,170319,5677
list-none-none,1,100,1,300,154033,513
list-none-none,1,1000,1,3000,3031266,1010
list-none-none,1,10000,1,30000,281119706,9370
list-none-none,1,20000,1,60000,1125113393,18751
list-none-none,2,1,1,6,100909,16818
list-none-none,2,10,1,60,95122,1585
list-none-none,12,10,1,360,339015,941
list-none-none,2,100,1,600,128397,213
list-i-none,2,1,1,6,95713,15952
list-d-none,2,1,1,6,92960,15493
list-l-none,2,1,1,6,103507,17251
list-id-none,2,1,1,6,94016,15669
list-il-none,2,1,1,6,97243,16207
list-dl-none,2,1,1,6,96196,16032
list-idl-none,2,1,1,6,95526,15921
list-i-none,4,1,1,12,130288,10857
list-id-none,4,1,1,12,124671,10389
list-il-none,4,1,1,12,130981,10915
list-dl-none,4,1,1,12,122765,10230
list-idl-none,4,1,1,12,130652,10887
list-i-none,8,1,1,24,239685,9986
list-d-none,8,1,1,24,230998,9624
list-l-none,8,1,1,24,223849,9327
list-id-none,8,1,1,24,232378,9682
list-il-none,8,1,1,24,222354,9264
list-dl-none,8,1,1,24,234847,9785
list-d-none,12,1,1,36,368800,10244
list-id-none,12,1,1,36,356288,9896
list-il-none,12,1,1,36,323718,8992
list-dl-none,12,1,1,36,303051,8418
list-idl-none,12,1,1,36,319366,8871
list-i-none,2,2,1,12,62676,5223
list-d-none,2,2,1,12,93934,7827
list-l-none,2,2,1,12,96395,8032
list-id-none,2,2,1,12,93783,7815
list-il-none,2,2,1,12,101289,8440
list-dl-none,2,2,1,12,101062,8421
list-idl-none,2,2,1,12,97787,8148
list-i-none,4,2,1,24,141136,5880
list-id-none,4,2,1,24,126459,5269
list-il-none,4,2,1,24,148734,6197
list-dl-none,4,2,1,24,135302,5637
list-idl-none,4,2,1,24,139530,5813
list-i-none,8,2,1,48,266010,5541
list-d-none,8,2,1,48,220894,4601
list-l-none,8,2,1,48,234053,4876
list-id-none,8,2,1,48,232831,4850
list-il-none,8,2,1,48,220282,4589
list-idl-none,8,2,1,48,231323,4819
list-i-none,12,2,1,72,318546,4424
list-d-none,12,2,1,72,315963,4388
list-l-none,12,2,1,72,314518,4368
list-il-none,12,2,1,72,341962,4749
list-dl-none,12,2,1,72,297242,4128
list-idl-none,12,2,1,72,306092,4251
list-i-none,2,4,1,24,65998,2749
list-d-none,2,4,1,24,92598,3858
list-l-none,2,4,1,24,101800,4241
list-id-none,2,4,1,24,111637,4651
list-il-none,2,4,1,24,104198,4341
list-dl-none,2,4,1,24,108742,4530
list-idl-none,2,4,1,24,110882,4620
list-d-none,4,4,1,48,123815,2579
list-l-none,4,4,1,48,135019,2812
list-il-none,4,4,1,48,150942,3144
list-i-none,8,4,1,96,253143,2636
list-l-none,8,4,1,96,257531,2682
list-id-none,8,4,1,96,242557,2526
list-il-none,8,4,1,96,249943,2603
list-l-none,12,4,1,144,312175,2167
list-il-none,12,4,1,144,342074,2375
list-dl-none,12,4,1,144,334494,2322
list-i-none,2,8,1,48,85688,1785
list-d-none,2,8,1,48,96789,2016
list-id-none,2,8,1,48,106740,2223
list-il-none,2,8,1,48,121593,2533
list-dl-none,2,8,1,48,124594,2595
list-il-none,4,8,1,96,153394,1597
list-dl-none,12,8,1,288,393093,1364
list-i-none,2,16,1,96,110587,1151
list-d-none,2,16,1,96,123571,1287
list-i-none,4,16,1,192,156385,814
list-i-none,2,32,1,192,107686,560
list-i-s,2,1,1,6,82105,13684
list-i-m,2,1,1,6,92898,15483
list-d-s,2,1,1,6,93924,15654
list-d-m,2,1,1,6,95281,15880
list-l-s,2,1,1,6,96820,16136
list-l-m,2,1,1,6,96986,16164
list-id-s,2,1,1,6,94938,15823
list-id-m,2,1,1,6,94997,15832
list-il-s,2,1,1,6,75605,12600
list-il-m,2,1,1,6,117331,19555
list-dl-s,2,1,1,6,115198,19199
list-dl-m,2,1,1,6,100807,16801
list-idl-s,2,1,1,6,95425,15904
list-idl-m,2,1,1,6,99848,16641
list-i-s,4,1,1,12,146612,12217
list-i-m,4,1,1,12,130995,10916
list-d-s,4,1,1,12,146160,12180
list-d-m,4,1,1,12,129829,10819
list-l-s,4,1,1,12,145945,12162
list-l-m,4,1,1,12,153050,12754
list-id-s,4,1,1,12,135077,11256
list-id-m,4,1,1,12,126051,10504
list-il-s,4,1,1,12,130376,10864
list-il-m,4,1,1,12,129446,10787
list-dl-s,4,1,1,12,131198,10933
list-dl-m,4,1,1,12,130565,10880
list-idl-s,4,1,1,12,123846,10320
list-idl-m,4,1,1,12,163609,13634
list-i-s,8,1,1,24,308355,12848
list-i-m,8,1,1,24,290088,12087
list-d-s,8,1,1,24,265134,11047
list-d-m,8,1,1,24,231494,9645
list-l-s,8,1,1,24,227195,9466
list-l-m,8,1,1,24,244194,10174
list-id-s,8,1,1,24,228847,9535
list-id-m,8,1,1,24,293432,12226
list-il-s,8,1,1,24,591534,24647
list-il-m,8,1,1,24,322175,13423
list-dl-s,8,1,1,24,256978,10707
list-dl-m,8,1,1,24,287284,11970
list-idl-s,8,1,1,24,291071,12127
list-idl-m,8,1,1,24,289488,12062
list-i-s,12,1,1,36,479876,13329
list-i-m,12,1,1,36,478994,13305
list-d-s,12,1,1,36,481869,13385
list-d-m,12,1,1,36,492719,13686
list-l-s,12,1,1,36,376700,10463
list-l-m,12,1,1,36,362398,10066
list-id-s,12,1,1,36,335560,9321
list-id-m,12,1,1,36,357520,9931
list-il-s,12,1,1,36,326837,9078
list-il-m,12,1,1,36,335649,9323
list-dl-s,12,1,1,36,343492,9541
list-dl-m,12,1,1,36,320086,8891
list-idl-s,12,1,1,36,316676,8796
list-idl-m,12,1,1,36,415132,11531
list-i-s,2,2,1,12,96638,8053
list-i-m,2,2,1,12,96532,8044
list-d-s,2,2,1,12,113029,9419
list-d-m,2,2,1,12,95981,7998
list-l-s,2,2,1,12,94734,7894
list-l-m,2,2,1,12,110248,9187
list-id-s,2,2,1,12,107220,8935
list-id-m,2,2,1,12,102968,8580
list-il-s,2,2,1,12,77634,6469
list-il-m,2,2,1,12,91269,7605
list-dl-s,2,2,1,12,86658,7221
list-dl-m,2,2,1,12,114387,9532
list-idl-s,2,2,1,12,108799,9066
list-idl-m,2,2,1,12,119305,9942
list-i-s,4,2,1,24,133964,5581
list-i-m,4,2,1,24,123229,5134
list-d-s,4,2,1,24,121839,5076
list-d-m,4,2,1,24,134302,5595
list-l-s,4,2,1,24,143405,5975
list-l-m,4,2,1,24,139644,5818
list-id-s,4,2,1,24,121582,5065
list-id-m,4,2,1,24,133868,5577
list-il-s,4,2,1,24,129074,5378
list-il-m,4,2,1,24,150569,6273
list-dl-s,4,2,1,24,124379,5182
list-dl-m,4,2,1,24,132998,5541
list-idl-s,4,2,1,24,130718,5446
list-idl-m,4,2,1,24,135385,5641
list-i-s,8,2,1,48,225561,4699
list-i-m,8,2,1,48,232330,4840
list-d-s,8,2,1,48,221273,4609
list-d-m,8,2,1,48,339232,7067
list-l-s,8,2,1,48,217894,4539
list-l-m,8,2,1,48,247868,5163
list-id-s,8,2,1,48,238942,4977
list-id-m,8,2,1,48,223199,4649
list-il-s,8,2,1,48,223974,4666
list-il-m,8,2,1,48,221706,4618
list-dl-s,8,2,1,48,223380,4653
list-dl-m,8,2,1,48,239972,4999
list-idl-s,8,2,1,48,226657,4722
list-idl-m,8,2,1,48,247024,5146
list-i-s,12,2,1,72,363860,5053
list-i-m,12,2,1,72,327510,4548
list-d-s,12,2,1,72,329223,4572
list-d-m,12,2,1,72,363590,5049
list-l-s,12,2,1,72,311509,4326
list-l-m,12,2,1,72,326005,4527
list-id-s,12,2,1,72,324472,4506
list-id-m,12,2,1,72,355285,4934
list-il-s,12,2,1,72,349319,4851
list-il-m,12,2,1,72,313488,4354
list-dl-s,12,2,1,72,342404,4755
list-dl-m,12,2,1,72,344918,4790
list-idl-s,12,2,1,72,330947,4596
list-idl-m,12,2,1,72,311792,4330
list-i-s,2,4,1,24,97143,4047
list-i-m,2,4,1,24,107303,4470
list-d-s,2,4,1,24,94326,3930
list-d-m,2,4,1,24,107935,4497
list-l-s,2,4,1,24,101064,4211
list-l-m,2,4,1,24,103375,4307
list-id-s,2,4,1,24,101993,4249
list-id-m,2,4,1,24,114489,4770
list-il-s,2,4,1,24,115819,4825
list-il-m,2,4,1,24,111181,4632
list-dl-s,2,4,1,24,82862,3452
list-dl-m,2,4,1,24,136792,5699
list-idl-s,2,4,1,24,122433,5101
list-idl-m,2,4,1,24,126972,5290
list-i-s,4,4,1,48,136835,2850
list-i-m,4,4,1,48,161308,3360
list-d-s,4,4,1,48,126308,2631
list-d-m,4,4,1,48,161168,3357
list-l-s,4,4,1,48,125821,2621
list-l-m,4,4,1,48,186774,3891
list-id-s,4,4,1,48,133204,2775
list-id-m,4,4,1,48,162337,3382
list-il-s,4,4,1,48,141176,2941
list-il-m,4,4,1,48,172460,3592
list-dl-s,4,4,1,48,148324,3090
list-dl-m,4,4,1,48,191883,3997
list-idl-s,4,4,1,48,164621,3429
list-idl-m,4,4,1,48,185234,3859
list-i-s,8,4,1,96,223476,2327
list-i-m,8,4,1,96,277885,2894
list-d-s,8,4,1,96,226343,2357
list-d-m,8,4,1,96,259206,2700
list-l-s,8,4,1,96,261574,2724
list-l-m,8,4,1,96,307229,3200
list-id-s,8,4,1,96,252512,2630
list-id-m,8,4,1,96,249177,2595
list-il-s,8,4,1,96,241343,2513
list-il-m,8,4,1,96,251164,2616
list-dl-s,8,4,1,96,255885,2665
list-dl-m,8,4,1,96,328196,3418
list-idl-s,8,4,1,96,322508,3359
list-idl-m,8,4,1,96,586291,6107
list-i-s,12,4,1,144,484855,3367
list-i-m,12,4,1,144,459527,3191
list-d-s,12,4,1,144,372724,2588
list-d-m,12,4,1,144,512064,3556
list-l-s,12,4,1,144,497463,3454
list-l-m,12,4,1,144,762350,5294
list-id-s,12,4,1,144,523746,3637
list-id-m,12,4,1,144,853533,5927
list-il-s,12,4,1,144,489354,3398
list-il-m,12,4,1,144,696675,4838
list-dl-s,12,4,1,144,491538,3413
list-dl-m,12,4,1,144,688107,4778
list-idl-s,12,4,1,144,429161,2980
list-idl-m,12,4,1,144,620715,4310
list-i-s,2,8,1,48,119416,2487
list-i-m,2,8,1,48,142699,2972
list-d-s,2,8,1,48,125882,2622
list-d-m,2,8,1,48,147200,3066
list-l-s,2,8,1,48,128206,2670
list-l-m,2,8,1,48,110556,2303
list-id-s,2,8,1,48,109279,2276
list-id-m,2,8,1,48,110764,2307
list-il-s,2,8,1,48,122656,2555
list-il-m,2,8,1,48,132736,2765
list-dl-s,2,8,1,48,138228,2879
list-dl-m,2,8,1,48,147701,3077
list-idl-s,2,8,1,48,146775,3057
list-idl-m,2,8,1,48,180974,3770
list-i-s,4,8,1,96,160975,1676
list-i-m,4,8,1,96,155922,1624
list-d-s,4,8,1,96,138863,1446
list-d-m,4,8,1,96,148273,1544
list-l-s,4,8,1,96,166748,1736
list-l-m,4,8,1,96,161277,1679
list-id-s,4,8,1,96,153095,1594
list-id-m,4,8,1,96,156971,1635
list-il-s,4,8,1,96,190179,1981
list-il-m,4,8,1,96,258984,2697
list-dl-s,4,8,1,96,187964,1957
list-dl-m,4,8,1,96,233983,2437
list-idl-s,4,8,1,96,324105,3376
list-idl-m,4,8,1,96,292438,3046
list-i-s,8,8,1,192,299029,1557
list-i-m,8,8,1,192,307295,1600
list-d-s,8,8,1,192,283020,1474
list-d-m,8,8,1,192,333212,1735
list-l-s,8,8,1,192,312337,1626
list-l-m,8,8,1,192,322385,1679
list-id-s,8,8,1,192,292718,1524
list-id-m,8,8,1,192,302243,1574
list-il-s,8,8,1,192,426329,2220
list-il-m,8,8,1,192,638758,3326
list-dl-s,8,8,1,192,386067,2010
list-dl-m,8,8,1,192,553469,2882
list-idl-s,8,8,1,192,532711,2774
list-idl-m,8,8,1,192,786297,4095
list-i-s,12,8,1,288,437518,1519
list-i-m,12,8,1,288,393343,1365
list-d-s,12,8,1,288,428464,1487
list-d-m,12,8,1,288,465316,1615
list-l-s,12,8,1,288,472453,1640
list-l-m,12,8,1,288,444459,1543
list-id-s,12,8,1,288,429863,1492
list-id-m,12,8,1,288,499547,1734
list-il-s,12,8,1,288,714545,2481
list-il-m,12,8,1,288,1100053,3819
list-dl-s,12,8,1,288,673597,2338
list-dl-m,12,8,1,288,958684,3328
list-idl-s,12,8,1,288,1010497,3508
list-idl-m,12,8,1,288,1341239,4657
list-i-s,2,12,1,72,109268,1517
list-i-m,2,12,1,72,104078,1445
list-d-s,2,12,1,72,108897,1512
list-d-m,2,12,1,72,104648,1453
list-l-s,2,12,1,72,168214,2336
list-l-m,2,12,1,72,173505,2409
list-id-s,2,12,1,72,127693,1773
list-id-m,2,12,1,72,136641,1897
list-il-s,2,12,1,72,157541,2188
list-il-m,2,12,1,72,179047,2486
list-dl-s,2,12,1,72,159570,2216
list-dl-m,2,12,1,72,169584,2355
list-idl-s,2,12,1,72,176792,2455
list-idl-m,2,12,1,72,195334,2712
list-i-s,4,12,1,144,148302,1029
list-i-m,4,12,1,144,144964,1006
list-d-s,4,12,1,144,152127,1056
list-d-m,4,12,1,144,195930,1360
list-l-s,4,12,1,144,196119,1361
list-l-m,4,12,1,144,247803,1720
list-id-s,4,12,1,144,206591,1434
list-id-m,4,12,1,144,277315,1925
list-il-s,4,12,1,144,298322,2071
list-il-m,4,12,1,144,371629,2580
list-dl-s,4,12,1,144,314589,2184
list-dl-m,4,12,1,144,345490,2399
list-idl-s,4,12,1,144,349683,2428
list-idl-m,4,12,1,144,562435,3905
list-i-s,8,12,1,288,299662,1040
list-i-m,8,12,1,288,313004,1086
list-d-s,8,12,1,288,349820,1214
list-d-m,8,12,1,288,306948,1065
list-l-s,8,12,1,288,414698,1439
list-l-m,8,12,1,288,646636,2245
list-id-s,8,12,1,288,421021,1461
list-id-m,8,12,1,288,610467,2119
list-il-s,8,12,1,288,625815,2172
list-il-m,8,12,1,288,1031588,3581
list-dl-s,8,12,1,288,750981,2607
list-dl-m,8,12,1,288,868981,3017
list-idl-s,8,12,1,288,932549,3238
list-idl-m,8,12,1,288,1096950,3808
list-i-s,12,12,1,432,419614,971
list-i-m,12,12,1,432,420134,972
list-d-s,12,12,1,432,428277,991
list-d-m,12,12,1,432,422002,976
list-l-s,12,12,1,432,1001290,2317
list-l-m,12,12,1,432,1280068,2963
list-id-s,12,12,1,432,619587,1434
list-id-m,12,12,1,432,1068279,2472
list-il-s,12,12,1,432,1356349,3139
list-il-m,12,12,1,432,1460712,3381
list-dl-s,12,12,1,432,1029194,2382
list-dl-m,12,12,1,432,1552886,3594
list-idl-s,12,12,1,432,1599346,3702
list-idl-m,12,12,1,432,1492709,3455
list-i-s,2,16,1,96,121401,1264
list-i-m,2,16,1,96,142221,1481
list-d-s,2,16,1,96,131046,1365
list-d-m,2,16,1,96,142358,1482
list-l-s,2,16,1,96,150284,1565
list-l-m,2,16,1,96,201258,2096
list-id-s,2,16,1,96,155939,1624
list-id-m,2,16,1,96,196420,2046
list-il-s,2,16,1,96,175505,1828
list-il-m,2,16,1,96,206802,2154
list-dl-s,2,16,1,96,199386,2076
list-dl-m,2,16,1,96,211388,2201
list-idl-s,2,16,1,96,207330,2159
list-idl-m,2,16,1,96,206860,2154
list-i-s,4,16,1,192,257026,1338
list-i-m,4,16,1,192,219336,1142
list-d-s,4,16,1,192,171446,892
list-d-m,4,16,1,192,307989,1604
list-l-s,4,16,1,192,212163,1105
list-l-m,4,16,1,192,352183,1834
list-id-s,4,16,1,192,293994,1531
list-id-m,4,16,1,192,290440,1512
list-il-s,4,16,1,192,350406,1825
list-il-m,4,16,1,192,510125,2656
list-dl-s,4,16,1,192,380598,1982
list-dl-m,4,16,1,192,426329,2220
list-idl-s,4,16,1,192,376254,1959
list-idl-m,4,16,1,192,594911,3098
list-i-s,8,16,1,384,346605,902
list-i-m,8,16,1,384,634167,1651
list-d-s,8,16,1,384,256275,667
list-d-m,8,16,1,384,393085,1023
list-l-s,8,16,1,384,692952,1804
list-l-m,8,16,1,384,861042,2242
list-id-s,8,16,1,384,562906,1465
list-id-m,8,16,1,384,789250,2055
list-il-s,8,16,1,384,832104,2166
list-il-m,8,16,1,384,1100407,2865
list-dl-s,8,16,1,384,750600,1954
list-dl-m,8,16,1,384,956569,2491
list-idl-s,8,16,1,384,1168346,3042
list-idl-m,8,16,1,384,1226832,3194
list-i-s,12,16,1,576,660048,1145
list-i-m,12,16,1,576,897793,1558
list-d-s,12,16,1,576,738771,1282
list-d-m,12,16,1,576,854320,1483
list-l-s,12,16,1,576,1281257,2224
list-l-m,12,16,1,576,1678889,2914
list-id-s,12,16,1,576,851445,1478
list-id-m,12,16,1,576,1192413,2070
list-il-s,12,16,1,576,1776807,3084
list-il-m,12,16,1,576,2041765,3544
list-dl-s,12,16,1,576,1557928,2704
list-dl-m,12,16,1,576,1808049,3138
list-idl-s,12,16,1,576,1386618,2407
list-idl-m,12,16,1,576,2475983,4298
list-i-s,2,24,1,144,145932,1013
list-i-m,2,24,1,144,221108,1535
list-d-s,2,24,1,144,158183,1098
list-d-m,2,24,1,144,214846,1491
list-l-s,2,24,1,144,166347,1155
list-l-m,2,24,1,144,192367,1335
list-id-s,2,24,1,144,200052,1389
list-id-m,2,24,1,144,258126,1792
list-il-s,2,24,1,144,247878,1721
list-il-m,2,24,1,144,356109,2472
list-dl-s,2,24,1,144,223170,1549
list-dl-m,2,24,1,144,283382,1967
list-idl-s,2,24,1,144,257459,1787
list-idl-m,2,24,1,144,374534,2600
list-i-s,4,24,1,288,286332,994
list-i-m,4,24,1,288,376185,1306
list-d-s,4,24,1,288,244747,849
list-d-m,4,24,1,288,334188,1160
list-l-s,4,24,1,288,382718,1328
list-l-m,4,24,1,288,516125,1792
list-id-s,4,24,1,288,409774,1422
list-id-m,4,24,1,288,528096,1833
list-il-s,4,24,1,288,460657,1599
list-il-m,4,24,1,288,808570,2807
list-dl-s,4,24,1,288,428275,1487
list-dl-m,4,24,1,288,567129,1969
list-idl-s,4,24,1,288,542753,1884
list-idl-m,4,24,1,288,793927,2756
list-i-s,8,24,1,576,754198,1309
list-i-m,8,24,1,576,940296,1632
list-d-s,8,24,1,576,381402,662
list-d-m,8,24,1,576,629721,1093
list-l-s,8,24,1,576,954789,1657
list-l-m,8,24,1,576,1510107,2621
list-id-s,8,24,1,576,919411,1596
list-id-m,8,24,1,576,1059614,1839
list-il-s,8,24,1,576,1453153,2522
list-il-m,8,24,1,576,1758973,3053
list-dl-s,8,24,1,576,1296117,2250
list-dl-m,8,24,1,576,1825036,3168
list-idl-s,8,24,1,576,1393034,2418
list-idl-m,8,24,1,576,2080823,3612
list-i-s,12,24,1,864,933034,1079
list-i-m,12,24,1,864,1452545,1681
list-d-s,12,24,1,864,1223951,1416
list-d-m,12,24,1,864,1082150,1252
list-l-s,12,24,1,864,1734390,2007
list-l-m,12,24,1,864,2599924,3009
list-id-s,12,24,1,864,5398022,6247
list-id-m,12,24,1,864,6181424,7154
list-il-s,12,24,1,864,3618362,4187
list-il-m,12,24,1,864,3410727,3947
list-dl-s,12,24,1,864,3324186,3847
list-dl-m,12,24,1,864,3600621,4167
list-idl-s,12,24,1,864,3719276,4304
list-idl-m,12,24,1,864,4431895,5129
list-i-s,2,32,1,192,162658,847
list-i-m,2,32,1,192,236424,1231
list-d-s,2,32,1,192,168479,877
list-d-m,2,32,1,192,210341,1095
list-l-s,2,32,1,192,254606,1326
list-l-m,2,32,1,192,307896,1603
list-id-s,2,32,1,192,213191,1110
list-id-m,2,32,1,192,324314,1689
list-il-s,2,32,1,192,256769,1337
list-il-m,2,32,1,192,427058,2224
list-dl-s,2,32,1,192,272170,1417
list-dl-m,2,32,1,192,409332,2131
list-idl-s,2,32,1,192,358503,1867
list-idl-m,2,32,1,192,494387,2574
list-i-s,4,32,1,384,365065,950
list-i-m,4,32,1,384,421072,1096
list-d-s,4,32,1,384,256959,669
list-d-m,4,32,1,384,398913,1038
list-l-s,4,32,1,384,442651,1152
list-l-m,4,32,1,384,711315,1852
list-id-s,4,32,1,384,405372,1055
list-id-m,4,32,1,384,598319,1558
list-il-s,4,32,1,384,581193,1513
list-il-m,4,32,1,384,919526,2394
list-dl-s,4,32,1,384,616707,1606
list-dl-m,4,32,1,384,735526,1915
list-idl-s,4,32,1,384,646388,1683
list-idl-m,4,32,1,384,952872,2481
list-i-s,8,32,1,768,979515,1275
list-i-m,8,32,1,768,980578,1276
list-d-s,8,32,1,768,689047,897
list-d-m,8,32,1,768,1021373,1329
list-l-s,8,32,1,768,1443311,1879
list-l-m,8,32,1,768,1781535,2319
list-id-s,8,32,1,768,1122072,1461
list-id-m,8,32,1,768,1391263,1811
list-il-s,8,32,1,768,1710699,2227
list-il-m,8,32,1,768,2484832,3235
list-dl-s,8,32,1,768,1465296,1907
list-dl-m,8,32,1,768,2456846,3199
list-idl-s,8,32,1,768,2907552,3785
list-idl-m,8,32,1,768,4394128,5721
list-i-s,12,32,1,1152,1920776,1667
list-i-m,12,32,1,1152,1993756,1730
list-d-s,12,32,1,1152,1297428,1126
list-d-m,12,32,1,1152,1732493,1503
list-l-s,12,32,1,1152,3307500,2871
list-l-m,12,32,1,1152,3901958,3387
list-id-s,12,32,1,1152,1670536,1450
list-id-m,12,32,1,1152,2626592,2280
list-il-s,12,32,1,1152,3515338,3051
list-il-m,12,32,1,1152,4804133,4170
list-dl-s,12,32,1,1152,3507810,3044
list-dl-m,12,32,1,1152,4931876,4281
list-idl-s,12,32,1,1152,8167960,7090
list-idl-m,12,32,1,1152,5027886,4364
list-none-s,1,1000,1,3000,2987006,995
list-none-m,1,1000,1,3000,3002050,1000
list-none-s,2,1000,1,6000,11564401,1927
list-none-m,2,1000,1,6000,15617199,2602
list-none-s,4,1000,1,12000,38580300,3215
list-none-m,4,1000,1,12000,53970392,4497
list-none-s,8,1000,1,24000,134485118,5603
list-none-m,8,1000,1,24000,213892558,8912
list-none-s,12,1000,1,36000,344194852,9560
list-none-m,12,1000,1,36000,457631921,12711
list-none-s,16,1000,1,48000,785972486,16374
list-none-m,16,1000,1,48000,828788603,17266
list-none-s,24,1000,1,72000,1588809782,22066
list-none-m,24,1000,1,72000,1424771619,19788
